ThreadId,TimerId,StartTime,EndTime,Depth
65,4186,43.1894877,288.452347,1
65,4186,288.452367,559.307306,1
65,4186,559.307313,809.383645,1
65,4186,809.383666,1046.81869,1
65,4186,1046.81871,1289.43828,1
