ThreadId,TimerId,StartTime,EndTime,Depth
65,4168,3265.44314,3271.70577,1
65,4168,3271.70577,3277.90985,1
65,4168,3277.90986,3290.12516,1
65,4168,3290.12538,3313.6524,1
65,4168,3313.65266,3339.33278,1
65,4168,3339.33345,3374.13592,1
65,4168,3374.13823,3400.3022,1
65,4168,3400.30242,3431.85415,1
65,4168,3431.85714,3451.85759,1
65,4168,3451.85884,3475.28209,1
65,4168,3475.28329,3496.34564,1
65,4168,3496.34751,3531.83861,1
