ThreadId,TimerId,StartTime,EndTime,Depth
71,4197,101.102326,101.102535,2
71,4197,101.10519,101.105277,2
71,4197,101.107794,101.107894,2
71,4197,101.110136,101.110233,2
71,4197,101.112331,101.11244,2
71,4197,101.114644,101.114754,2
71,4197,101.117261,101.117378,2
71,4197,101.119923,101.12001,2
71,4197,101.121875,101.121966,2
71,4197,101.12433,101.12442,2
71,4197,101.127161,101.127259,2
71,4197,101.131557,101.131658,2
71,4197,101.134962,101.13511,2
71,4197,101.137969,101.138072,2
71,4197,101.140224,101.140309,2
71,4197,101.142026,101.1421,2
71,4197,101.144027,101.144111,2
71,4197,101.14601,101.146103,2
71,4197,101.148229,101.148328,2
71,4197,101.150507,101.150593,2
71,4197,101.152584,101.152694,2
71,4197,101.155011,101.155129,2
71,4197,101.157176,101.157253,2
71,4197,101.159112,101.159199,2
71,4197,101.16113,101.161213,2
71,4197,101.163195,101.163281,2
71,4197,101.165227,101.165358,2
