ThreadId,TimerId,StartTime,EndTime,Depth
71,4196,101.102235,101.105179,1
71,4196,101.105183,101.107785,1
71,4196,101.107789,101.110128,1
71,4196,101.11013,101.112321,1
71,4196,101.112325,101.114636,1
71,4196,101.114639,101.11725,1
71,4196,101.117254,101.119914,1
71,4196,101.119917,101.121866,1
71,4196,101.12187,101.124318,1
71,4196,101.124323,101.127148,1
71,4196,101.127152,101.131542,1
71,4196,101.131548,101.134947,1
71,4196,101.134953,101.137956,1
71,4196,101.13796,101.140216,1
71,4196,101.14022,101.142005,1
71,4196,101.142022,101.144019,1
71,4196,101.144022,101.145989,1
71,4196,101.145992,101.148221,1
71,4196,101.148224,101.150498,1
71,4196,101.150502,101.152576,1
71,4196,101.152579,101.154986,1
71,4196,101.154991,101.157168,1
71,4196,101.157171,101.159092,1
71,4196,101.159094,101.161124,1
71,4196,101.161126,101.163188,1
71,4196,101.16319,101.16522,1
71,4196,101.165223,101.167336,1
