ThreadId,TimerId,StartTime,EndTime,Depth
198,4824,5843.05468,5843.05499,1
198,4824,5843.05499,5843.05525,1
198,4824,5843.05525,5843.05552,1
198,4824,5843.05552,5843.05575,1
198,4824,5843.05575,5843.05599,1
198,4824,5843.056,5843.05619,1
198,4824,5843.05619,5843.05649,1
198,4824,5843.0565,5843.0567,1
198,4824,5843.0567,5843.05703,1
198,4824,5843.05703,5843.05722,1
198,4824,5843.05723,5843.05746,1
198,4824,5843.05746,5843.05781,1
198,4824,5843.05782,5843.05803,1
198,4824,5843.05804,5843.05836,1
198,4824,5843.05837,5843.05871,1
198,4824,5843.05871,5843.05909,1
198,4824,5843.05909,5843.05957,1
198,4824,5843.05957,5843.05983,1
198,4824,5843.05983,5843.06012,1
198,4824,5843.06013,5843.06051,1
198,4824,5843.06051,5843.06086,1
198,4824,5843.06086,5843.06114,1
198,4824,5843.06114,5843.06145,1
198,4824,5843.06145,5843.06169,1
198,4824,5843.0617,5843.06202,1
198,4824,5843.06202,5843.06234,1
198,4824,5843.06235,5843.06275,1
