ThreadId,TimerId,StartTime,EndTime,Depth
66,4170,119.52509,119.526814,2
66,4170,119.530031,119.53007,2
66,4170,119.53441,119.534604,2
66,4170,119.538264,119.538361,2
66,4170,119.541388,119.541422,2
66,4170,119.544033,119.54407,2
66,4170,119.546861,119.546896,2
66,4170,119.549489,119.549569,2
66,4170,119.554389,119.554451,2
66,4170,119.558317,119.55837,2
66,4170,119.562327,119.562384,2
66,4170,119.565597,119.565641,2
66,4170,119.568625,119.568664,2
66,4170,119.571637,119.571677,2
66,4170,119.575623,119.57567,2
66,4170,119.578608,119.578663,2
66,4170,119.581421,119.581495,2
66,4170,119.585104,119.585161,2
66,4170,119.589131,119.58918,2
66,4170,119.591942,119.591972,2
66,4170,119.595087,119.595132,2
66,4170,119.598016,119.598066,2
66,4170,119.601031,119.601081,2
66,4170,119.603838,119.603869,2
66,4170,119.606673,119.606706,2
66,4170,119.609348,119.609374,2
66,4170,119.612225,119.612271,2
