ThreadId,TimerId,StartTime,EndTime,Depth
71,4203,131.948851,131.948997,2
71,4203,131.950945,131.951026,2
71,4203,131.952726,131.952794,2
71,4203,131.954434,131.954503,2
71,4203,131.955919,131.955987,2
71,4203,131.95747,131.957554,2
71,4203,131.958948,131.959019,2
71,4203,131.96095,131.961041,2
71,4203,131.963742,131.963808,2
71,4203,131.966519,131.966581,2
71,4203,131.969056,131.969123,2
71,4203,131.971429,131.971495,2
71,4203,131.97375,131.973823,2
71,4203,131.976243,131.976314,2
71,4203,131.978597,131.978663,2
71,4203,131.980981,131.981054,2
71,4203,131.983343,131.983409,2
71,4203,131.986264,131.986339,2
71,4203,131.988386,131.988449,2
71,4203,131.990495,131.990562,2
71,4203,131.991958,131.992025,2
71,4203,131.994984,131.995097,2
71,4203,131.996792,131.996859,2
71,4203,131.998446,131.998499,2
71,4203,132.000668,132.000734,2
71,4203,132.00376,132.003862,2
71,4203,132.006841,132.006914,2
