ThreadId,TimerId,StartTime,EndTime,Depth
71,4162,53.3181158,53.3256071,2
71,4162,53.3257625,53.33043,2
71,4162,53.3306332,53.3359569,2
71,4162,53.3361798,53.341306,2
71,4162,53.3415709,53.3462972,2
71,4162,53.3465668,53.3511793,2
71,4162,53.351376,53.355563,2
71,4162,53.3557432,53.3611151,2
71,4162,53.3613038,53.3663814,2
71,4162,53.3665814,53.3718134,2
71,4162,53.3721998,53.3783773,2
71,4162,53.3785867,53.3854168,2
71,4162,53.3856401,53.3962124,2
71,4162,53.3964194,53.4033103,2
71,4162,53.4037163,53.4089919,2
71,4162,53.4091737,53.4144226,2
71,4162,53.4146045,53.4185127,2
71,4162,53.4187111,53.4230122,2
71,4162,53.4232697,53.4275786,2
71,4162,53.4277899,53.4319534,2
71,4162,53.4321621,53.4366722,2
71,4162,53.4368524,53.4410297,2
71,4162,53.4412166,53.4446456,2
71,4162,53.4448529,53.449157,2
71,4162,53.449344,53.4541621,2
71,4162,53.4543374,53.4579792,2
71,4162,53.4581986,53.4634527,2
