ThreadId,TimerId,StartTime,EndTime,Depth
71,4161,102.595365,102.596495,2
71,4161,102.596534,102.597443,2
71,4161,102.597481,102.598217,2
71,4161,102.598254,102.598971,2
71,4161,102.599006,102.599736,2
71,4161,102.599772,102.600535,2
71,4161,102.600584,102.601383,2
71,4161,102.601419,102.602269,2
71,4161,102.602308,102.603125,2
71,4161,102.603176,102.604116,2
71,4161,102.604169,102.605057,2
71,4161,102.605096,102.60608,2
71,4161,102.606131,102.606873,2
71,4161,102.60693,102.607693,2
71,4161,102.607762,102.608506,2
71,4161,102.608545,102.609359,2
71,4161,102.609403,102.610401,2
71,4161,102.610457,102.611394,2
71,4161,102.611462,102.61265,2
71,4161,102.61271,102.613863,2
71,4161,102.61392,102.614788,2
71,4161,102.614858,102.615786,2
71,4161,102.615856,102.616958,2
71,4161,102.617026,102.618347,2
71,4161,102.618414,102.619382,2
71,4161,102.619448,102.62039,2
71,4161,102.620458,102.621424,2
