ThreadId,TimerId,StartTime,EndTime,Depth
69,4209,110.72523,110.725983,2
69,4209,110.733257,110.733959,2
69,4209,110.741976,110.742804,2
69,4209,110.749483,110.750289,2
69,4209,110.758347,110.759021,2
69,4209,110.7652,110.765926,2
69,4209,110.774266,110.77514,2
69,4209,110.784131,110.784864,2
69,4209,110.79495,110.795671,2
69,4209,110.805181,110.80596,2
69,4209,110.814564,110.815439,2
69,4209,110.822029,110.822746,2
69,4209,110.828498,110.829179,2
69,4209,110.836643,110.837418,2
69,4209,110.843744,110.844493,2
69,4209,110.851037,110.851697,2
69,4209,110.860064,110.860758,2
69,4209,110.868404,110.869162,2
69,4209,110.877006,110.877865,2
69,4209,110.887102,110.890556,2
69,4209,110.901779,110.902707,2
69,4209,110.913107,110.913964,2
69,4209,110.922477,110.923372,2
69,4209,110.933349,110.934149,2
69,4209,110.942265,110.943084,2
69,4209,110.953098,110.953968,2
69,4209,110.963686,110.964396,2
