ThreadId,TimerId,StartTime,EndTime,Depth
69,4172,110.725984,110.733236,2
69,4172,110.73396,110.741956,2
69,4172,110.742805,110.749463,2
69,4172,110.75029,110.758326,2
69,4172,110.759022,110.765178,2
69,4172,110.765926,110.774242,2
69,4172,110.77514,110.784087,2
69,4172,110.784877,110.794927,2
69,4172,110.795671,110.805165,2
69,4172,110.805961,110.814516,2
69,4172,110.81544,110.822008,2
69,4172,110.822746,110.828479,2
69,4172,110.82918,110.836619,2
69,4172,110.837418,110.843724,2
69,4172,110.844493,110.851003,2
69,4172,110.851697,110.860042,2
69,4172,110.860758,110.868367,2
69,4172,110.869163,110.876985,2
69,4172,110.877865,110.887061,2
69,4172,110.890557,110.901754,2
69,4172,110.902708,110.913071,2
69,4172,110.913965,110.922441,2
69,4172,110.923372,110.933327,2
69,4172,110.93415,110.942248,2
69,4172,110.943085,110.953069,2
69,4172,110.953968,110.963657,2
69,4172,110.964397,110.972181,2
