ThreadId,TimerId,StartTime,EndTime,Depth
69,4208,110.725112,110.733237,1
69,4208,110.733245,110.741957,1
69,4208,110.741964,110.749464,1
69,4208,110.749471,110.758327,1
69,4208,110.758336,110.765178,1
69,4208,110.765186,110.774243,1
69,4208,110.774253,110.784088,1
69,4208,110.784107,110.794928,1
69,4208,110.794937,110.805165,1
69,4208,110.805172,110.814517,1
69,4208,110.814538,110.822008,1
69,4208,110.822016,110.828479,1
69,4208,110.828486,110.83662,1
69,4208,110.836628,110.843725,1
69,4208,110.843733,110.851003,1
69,4208,110.851024,110.860043,1
69,4208,110.860051,110.868368,1
69,4208,110.868375,110.876986,1
69,4208,110.876993,110.887062,1
69,4208,110.887078,110.901755,1
69,4208,110.901766,110.913072,1
69,4208,110.913094,110.922442,1
69,4208,110.922451,110.933327,1
69,4208,110.933335,110.942249,1
69,4208,110.942255,110.95307,1
69,4208,110.953082,110.963658,1
69,4208,110.963664,110.972182,1
