ThreadId,TimerId,StartTime,EndTime,Depth
65,4176,112.572614,112.576188,2
65,4176,112.578669,112.582273,2
65,4176,112.584322,112.587015,2
65,4176,112.588817,112.591535,2
65,4176,112.593273,112.596226,2
65,4176,112.598076,112.600903,2
65,4176,112.602665,112.605411,2
65,4176,112.607322,112.610602,2
65,4176,112.612256,112.615207,2
65,4176,112.617024,112.619871,2
65,4176,112.621724,112.624924,2
65,4176,112.627134,112.630127,2
65,4176,112.632615,112.635409,2
65,4176,112.637554,112.640856,2
65,4176,112.643211,112.646482,2
65,4176,112.649064,112.651731,2
65,4176,112.6534,112.655988,2
65,4176,112.657641,112.660352,2
65,4176,112.662151,112.665035,2
65,4176,112.667009,112.670882,2
65,4176,112.672836,112.675865,2
65,4176,112.677612,112.681113,2
65,4176,112.684048,112.687014,2
65,4176,112.689854,112.694047,2
65,4176,112.696998,112.702006,2
65,4176,112.705041,112.709181,2
65,4176,112.712413,112.716588,2
