ThreadId,TimerId,StartTime,EndTime,Depth
65,4178,112.576556,112.578655,2
65,4178,112.582591,112.584314,2
65,4178,112.587298,112.588808,2
65,4178,112.591847,112.593264,2
65,4178,112.59654,112.598068,2
65,4178,112.601191,112.602657,2
65,4178,112.605708,112.6073,2
65,4178,112.610862,112.612249,2
65,4178,112.615468,112.617015,2
65,4178,112.620215,112.621713,2
65,4178,112.625268,112.627123,2
65,4178,112.630542,112.632593,2
65,4178,112.635677,112.637527,2
65,4178,112.64114,112.643197,2
65,4178,112.64681,112.649054,2
65,4178,112.652018,112.653391,2
65,4178,112.65633,112.657633,2
65,4178,112.660629,112.662143,2
65,4178,112.665338,112.666997,2
65,4178,112.671384,112.672824,2
65,4178,112.676141,112.677603,2
65,4178,112.681514,112.684036,2
65,4178,112.687432,112.689838,2
65,4178,112.694506,112.696986,2
65,4178,112.702494,112.705024,2
65,4178,112.709661,112.712358,2
65,4178,112.717076,112.719564,2
