ThreadId,TimerId,StartTime,EndTime,Depth
71,4203,118.511048,118.515215,1
71,4203,118.515234,118.518641,1
71,4203,118.518646,118.522074,1
71,4203,118.522079,118.526441,1
71,4203,118.526446,118.532761,1
71,4203,118.532767,118.538413,1
71,4203,118.538418,118.544091,1
71,4203,118.544096,118.54897,1
71,4203,118.548974,118.553198,1
71,4203,118.553202,118.556836,1
71,4203,118.55684,118.560555,1
71,4203,118.56056,118.564135,1
71,4203,118.564139,118.568999,1
71,4203,118.569003,118.573453,1
71,4203,118.573458,118.578985,1
71,4203,118.57899,118.582954,1
71,4203,118.582959,118.586517,1
71,4203,118.586521,118.589838,1
71,4203,118.589841,118.596459,1
71,4203,118.596478,118.600721,1
71,4203,118.600726,118.605557,1
71,4203,118.605563,118.610801,1
71,4203,118.610806,118.616147,1
71,4203,118.616153,118.620001,1
71,4203,118.620005,118.62332,1
71,4203,118.623324,118.626506,1
71,4203,118.626512,118.630831,1
