ThreadId,TimerId,StartTime,EndTime,Depth
71,4178,118.511357,118.515214,2
71,4178,118.515385,118.518639,2
71,4178,118.518794,118.522073,2
71,4178,118.522239,118.52644,2
71,4178,118.526656,118.53276,2
71,4178,118.532972,118.538413,2
71,4178,118.538597,118.54409,2
71,4178,118.544268,118.548969,2
71,4178,118.549158,118.553197,2
71,4178,118.553355,118.556835,2
71,4178,118.557017,118.560555,2
71,4178,118.560695,118.564121,2
71,4178,118.564321,118.568998,2
71,4178,118.569162,118.573452,2
71,4178,118.573614,118.578984,2
71,4178,118.579164,118.582954,2
71,4178,118.583114,118.586516,2
71,4178,118.586683,118.589837,2
71,4178,118.590018,118.596458,2
71,4178,118.596631,118.60072,2
71,4178,118.60086,118.605556,2
71,4178,118.605703,118.610801,2
71,4178,118.610991,118.616146,2
71,4178,118.616355,118.620001,2
71,4178,118.620161,118.62332,2
71,4178,118.623472,118.626506,2
71,4178,118.626672,118.630831,2
