ThreadId,TimerId,StartTime,EndTime,Depth
71,4204,118.511109,118.511356,2
71,4204,118.51524,118.515385,2
71,4204,118.518653,118.518794,2
71,4204,118.522086,118.522238,2
71,4204,118.526455,118.526655,2
71,4204,118.532777,118.532972,2
71,4204,118.538427,118.538597,2
71,4204,118.544105,118.544268,2
71,4204,118.548981,118.549158,2
71,4204,118.553209,118.553355,2
71,4204,118.556847,118.557016,2
71,4204,118.560566,118.560695,2
71,4204,118.564157,118.564321,2
71,4204,118.56901,118.569162,2
71,4204,118.573467,118.573613,2
71,4204,118.578999,118.579163,2
71,4204,118.582966,118.583114,2
71,4204,118.586527,118.586682,2
71,4204,118.589847,118.590018,2
71,4204,118.596485,118.59663,2
71,4204,118.600731,118.60086,2
71,4204,118.60557,118.605702,2
71,4204,118.610819,118.61099,2
71,4204,118.616162,118.616354,2
71,4204,118.620012,118.620161,2
71,4204,118.623343,118.623472,2
71,4204,118.626519,118.626672,2
