ThreadId,TimerId,StartTime,EndTime,Depth
210,4696,5859.7339,5859.73488,1
210,4696,5859.73489,5859.73572,1
210,4696,5859.73574,5859.73641,1
210,4696,5859.73642,5859.73718,1
210,4696,5859.73718,5859.73807,1
210,4696,5859.73807,5859.73871,1
210,4696,5859.73871,5859.73962,1
210,4696,5859.73962,5859.74047,1
210,4696,5859.74048,5859.74119,1
210,4696,5859.7412,5859.74201,1
210,4696,5859.74202,5859.74287,1
210,4696,5859.74288,5859.74375,1
210,4696,5859.74376,5859.74454,1
210,4696,5859.74454,5859.74529,1
210,4696,5859.74529,5859.74597,1
210,4696,5859.74598,5859.74664,1
210,4696,5859.74665,5859.74739,1
210,4696,5859.74739,5859.74816,1
210,4696,5859.74816,5859.74883,1
210,4696,5859.74884,5859.74959,1
210,4696,5859.74959,5859.75032,1
210,4696,5859.75032,5859.75126,1
210,4696,5859.75127,5859.75194,1
210,4696,5859.75194,5859.7528,1
210,4696,5859.7528,5859.75362,1
210,4696,5859.75363,5859.75444,1
210,4696,5859.75445,5859.75521,1
