ThreadId,TimerId,StartTime,EndTime,Depth
363,4824,7505.93256,7506.71203,1
363,4824,7506.71204,7507.51767,1
363,4824,7507.51768,7508.26956,1
363,4824,7508.26957,7509.1298,1
363,4824,7509.1298,7510.17464,1
363,4824,7510.17465,7511.24101,1
363,4824,7511.24102,7512.38514,1
363,4824,7512.38515,7513.54544,1
363,4824,7513.54544,7514.75206,1
363,4824,7514.75207,7516.006,1
363,4824,7516.00601,7517.17509,1
363,4824,7517.1751,7518.3222,1
363,4824,7518.32222,7519.59712,1
363,4824,7519.59713,7520.78415,1
363,4824,7520.78416,7521.88367,1
363,4824,7521.88367,7522.69558,1
363,4824,7522.69559,7523.44155,1
363,4824,7523.44157,7524.09789,1
363,4824,7524.09792,7524.81197,1
363,4824,7524.81198,7526.07957,1
363,4824,7526.07958,7529.05274,1
363,4824,7529.05276,7530.46786,1
363,4824,7530.46787,7531.57739,1
363,4824,7531.5774,7532.82043,1
363,4824,7532.82044,7534.61336,1
363,4824,7534.61337,7536.74787,1
363,4824,7536.74789,7538.03424,1
