ThreadId,TimerId,StartTime,EndTime,Depth
65,4175,24.8690476,24.8753332,1
65,4175,24.8753368,24.8808403,1
65,4175,24.880843,24.886826,1
65,4175,24.8868299,24.8931459,1
65,4175,24.89315,24.8988941,1
65,4175,24.898898,24.9046568,1
65,4175,24.9046599,24.9110836,1
65,4175,24.911088,24.9173831,1
65,4175,24.9173869,24.9242038,1
65,4175,24.9242083,24.9336042,1
65,4175,24.9336091,24.9431914,1
65,4175,24.9431958,24.9525429,1
65,4175,24.9525472,24.9621602,1
65,4175,24.9621641,24.969191,1
65,4175,24.9691981,24.9775482,1
65,4175,24.9775534,24.9865248,1
65,4175,24.9866238,24.9933594,1
65,4175,24.9933635,24.9991605,1
65,4175,24.999164,25.0075117,1
65,4175,25.0075166,25.016229,1
65,4175,25.0162334,25.0252277,1
65,4175,25.025232,25.0332875,1
65,4175,25.0332925,25.0417169,1
65,4175,25.0417237,25.0505578,1
65,4175,25.0505648,25.058969,1
65,4175,25.0589742,25.0674946,1
65,4175,25.0675,25.0754056,1
