ThreadId,TimerId,StartTime,EndTime,Depth
181,4828,5269.92972,5269.98109,1
181,4828,5269.98109,5270.04462,1
181,4828,5270.04462,5270.11008,1
181,4828,5270.11008,5270.17948,1
181,4828,5270.17948,5270.2564,1
181,4828,5270.2564,5270.34729,1
181,4828,5270.3473,5270.43212,1
181,4828,5270.43213,5270.51243,1
181,4828,5270.51243,5270.59344,1
181,4828,5270.59344,5270.67658,1
181,4828,5270.67658,5270.76503,1
181,4828,5270.76504,5270.84951,1
181,4828,5270.84952,5270.9275,1
181,4828,5270.92751,5271.01085,1
181,4828,5271.01085,5271.09789,1
181,4828,5271.0979,5271.17548,1
181,4828,5271.17549,5271.25177,1
181,4828,5271.25177,5271.33844,1
181,4828,5271.33845,5271.4192,1
181,4828,5271.41921,5271.50152,1
181,4828,5271.50153,5271.58098,1
181,4828,5271.58098,5271.67082,1
181,4828,5271.67083,5271.76118,1
181,4828,5271.76119,5271.84312,1
181,4828,5271.84313,5271.93989,1
181,4828,5271.9399,5272.02114,1
181,4828,5272.02114,5272.11428,1
