ThreadId,TimerId,StartTime,EndTime,Depth
65,4187,109.525095,109.525196,2
65,4187,109.528395,109.528438,2
65,4187,109.53178,109.531819,2
65,4187,109.536614,109.536661,2
65,4187,109.540379,109.540432,2
65,4187,109.544548,109.544636,2
65,4187,109.549066,109.549114,2
65,4187,109.552518,109.552566,2
65,4187,109.55581,109.555847,2
65,4187,109.55935,109.559389,2
65,4187,109.562537,109.562572,2
65,4187,109.565676,109.565731,2
65,4187,109.569047,109.569093,2
65,4187,109.572872,109.572931,2
65,4187,109.576188,109.576225,2
65,4187,109.579554,109.579581,2
65,4187,109.582847,109.582882,2
65,4187,109.586234,109.586266,2
65,4187,109.589842,109.589888,2
65,4187,109.594337,109.594396,2
65,4187,109.598733,109.598806,2
65,4187,109.602311,109.602352,2
65,4187,109.605716,109.605779,2
65,4187,109.60893,109.608977,2
65,4187,109.612505,109.612574,2
65,4187,109.616078,109.616126,2
65,4187,109.619344,109.619395,2
