ThreadId,TimerId,StartTime,EndTime,Depth
65,4185,109.521652,109.525082,2
65,4185,109.525208,109.528392,2
65,4185,109.528449,109.531778,2
65,4185,109.531829,109.536609,2
65,4185,109.536674,109.540376,2
65,4185,109.540458,109.544544,2
65,4185,109.544647,109.549061,2
65,4185,109.54914,109.552514,2
65,4185,109.552577,109.555807,2
65,4185,109.555868,109.559347,2
65,4185,109.559397,109.562533,2
65,4185,109.562583,109.565673,2
65,4185,109.565743,109.569044,2
65,4185,109.569101,109.572868,2
65,4185,109.572956,109.576185,2
65,4185,109.576234,109.57955,2
65,4185,109.579589,109.582843,2
65,4185,109.582892,109.586231,2
65,4185,109.586291,109.589837,2
65,4185,109.589903,109.594332,2
65,4185,109.594422,109.598728,2
65,4185,109.598818,109.602307,2
65,4185,109.602374,109.605713,2
65,4185,109.60579,109.608926,2
65,4185,109.608985,109.612499,2
65,4185,109.612587,109.616074,2
65,4185,109.616137,109.619339,2
