ThreadId,TimerId,StartTime,EndTime,Depth
71,4187,120.38842,120.391443,2
71,4187,120.391551,120.394423,2
71,4187,120.394549,120.397152,2
71,4187,120.397296,120.399665,2
71,4187,120.39979,120.403153,2
71,4187,120.403259,120.405696,2
71,4187,120.405834,120.408175,2
71,4187,120.408299,120.4104,2
71,4187,120.410519,120.412601,2
71,4187,120.412734,120.415657,2
71,4187,120.415794,120.418902,2
71,4187,120.419049,120.4215,2
71,4187,120.421611,120.423871,2
71,4187,120.423993,120.426406,2
71,4187,120.42653,120.428738,2
71,4187,120.42886,120.431153,2
71,4187,120.431295,120.434592,2
71,4187,120.43479,120.437199,2
71,4187,120.437353,120.439715,2
71,4187,120.439844,120.442761,2
71,4187,120.44288,120.44638,2
71,4187,120.446548,120.448899,2
71,4187,120.449006,120.451383,2
71,4187,120.451518,120.453598,2
71,4187,120.453708,120.455863,2
71,4187,120.455953,120.458212,2
71,4187,120.458336,120.461634,2
