ThreadId,TimerId,StartTime,EndTime,Depth
71,4217,120.388187,120.38842,2
71,4217,120.391466,120.391551,2
71,4217,120.394431,120.394549,2
71,4217,120.39716,120.397296,2
71,4217,120.399679,120.39979,2
71,4217,120.403161,120.403259,2
71,4217,120.405711,120.405834,2
71,4217,120.408183,120.408298,2
71,4217,120.410407,120.410519,2
71,4217,120.412621,120.412734,2
71,4217,120.415668,120.415794,2
71,4217,120.418915,120.419049,2
71,4217,120.421508,120.421611,2
71,4217,120.423879,120.423993,2
71,4217,120.426414,120.42653,2
71,4217,120.428745,120.42886,2
71,4217,120.431161,120.431294,2
71,4217,120.43462,120.43479,2
71,4217,120.437209,120.437353,2
71,4217,120.439723,120.439844,2
71,4217,120.442771,120.442879,2
71,4217,120.446406,120.446548,2
71,4217,120.448907,120.449006,2
71,4217,120.451391,120.451518,2
71,4217,120.453605,120.453708,2
71,4217,120.45587,120.455953,2
71,4217,120.458219,120.458335,2
