ThreadId,TimerId,StartTime,EndTime,Depth
71,4186,54.8770522,54.8791087,2
71,4186,54.8792342,54.8812872,2
71,4186,54.8814381,54.8831593,2
71,4186,54.8833102,54.8849929,2
71,4186,54.8850856,54.8873228,2
71,4186,54.88742,54.8893545,2
71,4186,54.8894486,54.8912341,2
71,4186,54.891323,54.8932198,2
71,4186,54.8933012,54.894961,2
71,4186,54.8950433,54.896649,2
71,4186,54.8967313,54.8985469,2
71,4186,54.8986264,54.9003267,2
71,4186,54.9004594,54.9027544,2
71,4186,54.9028518,54.9054662,2
71,4186,54.9055547,54.9080866,2
71,4186,54.9081698,54.9108209,2
71,4186,54.9109183,54.9135699,2
71,4186,54.9136835,54.9167735,2
71,4186,54.9168557,54.9186639,2
71,4186,54.9187467,54.9204728,2
71,4186,54.9205695,54.9221853,2
71,4186,54.9222654,54.9237073,2
71,4186,54.9238022,54.9252439,2
71,4186,54.9253212,54.9267283,2
71,4186,54.9268221,54.9283332,2
71,4186,54.9284188,54.9301063,2
71,4186,54.9301834,54.9322381,2
