ThreadId,TimerId,StartTime,EndTime,Depth
71,4208,54.87681,54.879109,1
71,4208,54.8791136,54.8812877,1
71,4208,54.8813058,54.8831597,1
71,4208,54.8831774,54.8849932,1
71,4208,54.884996,54.8873232,1
71,4208,54.8873263,54.8893548,1
71,4208,54.8893577,54.8912344,1
71,4208,54.8912373,54.8932206,1
71,4208,54.893224,54.8949613,1
71,4208,54.8949649,54.8966494,1
71,4208,54.8966537,54.8985472,1
71,4208,54.8985509,54.9003271,1
71,4208,54.9003442,54.9027556,1
71,4208,54.9027632,54.9054669,1
71,4208,54.9054734,54.9080871,1
71,4208,54.9080912,54.9108215,1
71,4208,54.9108268,54.9135705,1
71,4208,54.9135742,54.9167739,1
71,4208,54.9167782,54.9186645,1
71,4208,54.9186688,54.9204736,1
71,4208,54.9204911,54.9221857,1
71,4208,54.9221888,54.9237078,1
71,4208,54.9237101,54.9252441,1
71,4208,54.9252471,54.9267286,1
71,4208,54.9267319,54.9283335,1
71,4208,54.9283376,54.9301065,1
71,4208,54.9301093,54.9322385,1
