ThreadId,TimerId,StartTime,EndTime,Depth
116,4250,7024.14335,7024.14961,2
116,4250,7024.19319,7024.19831,2
116,4250,7024.24631,7024.25374,2
116,4250,7024.30873,7024.3167,2
116,4250,7024.3751,7024.38392,2
116,4250,7024.44351,7024.45003,2
116,4250,7024.5068,7024.5148,2
116,4250,7024.57218,7024.5817,2
116,4250,7024.6362,7024.64369,2
116,4250,7024.69764,7024.70501,2
116,4250,7024.76454,7024.77495,2
116,4250,7024.83203,7024.8396,2
116,4250,7024.89528,7024.90212,2
116,4250,7024.95974,7024.96639,2
116,4250,7025.02029,7025.02822,2
116,4250,7025.08372,7025.09173,2
116,4250,7025.1474,7025.15293,2
116,4250,7025.20839,7025.21507,2
116,4250,7025.27362,7025.28034,2
116,4250,7025.33294,7025.33995,2
116,4250,7025.39743,7025.40414,2
116,4250,7025.46156,7025.46987,2
116,4250,7025.52649,7025.53419,2
116,4250,7025.5848,7025.59107,2
116,4250,7025.64929,7025.65606,2
116,4250,7025.7128,7025.72028,2
116,4250,7025.77401,7025.78146,2
