ThreadId,TimerId,StartTime,EndTime,Depth
121,4438,7032.50435,7032.50611,2
121,4438,7032.53185,7032.53366,2
121,4438,7032.56047,7032.56177,2
121,4438,7032.59777,7032.59943,2
121,4438,7032.64019,7032.64186,2
121,4438,7032.68584,7032.68734,2
121,4438,7032.7326,7032.73417,2
121,4438,7032.77905,7032.78056,2
121,4438,7032.82792,7032.82984,2
121,4438,7032.87627,7032.87772,2
121,4438,7032.92471,7032.9272,2
121,4438,7032.9785,7032.98002,2
121,4438,7033.03807,7033.04116,2
121,4438,7033.08683,7033.09005,2
121,4438,7033.1364,7033.13795,2
121,4438,7033.18171,7033.18333,2
121,4438,7033.2304,7033.23194,2
121,4438,7033.27895,7033.28043,2
121,4438,7033.33056,7033.33204,2
121,4438,7033.38176,7033.38314,2
121,4438,7033.42493,7033.4281,2
121,4438,7033.47597,7033.47849,2
121,4438,7033.53196,7033.53366,2
121,4438,7033.57966,7033.58176,2
121,4438,7033.63094,7033.63278,2
121,4438,7033.68025,7033.68187,2
121,4438,7033.73212,7033.73403,2
