ThreadId,TimerId,StartTime,EndTime,Depth
71,4205,35.620209,35.6203374,2
71,4205,35.621767,35.6218198,2
71,4205,35.6232559,35.6233094,2
71,4205,35.6246174,35.6246705,2
71,4205,35.625984,35.6260349,2
71,4205,35.6272801,35.6273436,2
71,4205,35.6287611,35.6288329,2
71,4205,35.6308032,35.6308886,2
71,4205,35.6332786,35.6333925,2
71,4205,35.635879,35.6359833,2
71,4205,35.6383297,35.6384188,2
71,4205,35.6401404,35.6402091,2
71,4205,35.6418816,35.64195,2
71,4205,35.6436786,35.6437307,2
71,4205,35.6452771,35.6453763,2
71,4205,35.6474595,35.6475204,2
71,4205,35.649247,35.6493117,2
71,4205,35.6513269,35.6514098,2
71,4205,35.6537301,35.6539432,2
71,4205,35.6559191,35.6559986,2
71,4205,35.6578189,35.6578959,2
71,4205,35.6597789,35.6598519,2
71,4205,35.6615156,35.6615945,2
71,4205,35.6638255,35.6638978,2
71,4205,35.6661445,35.6662115,2
71,4205,35.6681212,35.6681882,2
71,4205,35.6701825,35.6702544,2
