ThreadId,TimerId,StartTime,EndTime,Depth
71,4201,444.659325,444.659824,1
71,4201,444.659826,444.660083,1
71,4201,444.660085,444.660503,1
71,4201,444.660504,444.660803,1
71,4201,444.660804,444.661113,1
71,4201,444.661116,444.661409,1
71,4201,444.66141,444.661732,1
71,4201,444.661735,444.661956,1
71,4201,444.661957,444.662382,1
71,4201,444.662383,444.662624,1
71,4201,444.662625,444.66294,1
71,4201,444.662943,444.663246,1
71,4201,444.663247,444.663532,1
71,4201,444.663533,444.663842,1
71,4201,444.663845,444.664185,1
71,4201,444.664186,444.66438,1
71,4201,444.664381,444.664602,1
71,4201,444.664604,444.664994,1
71,4201,444.664996,444.665326,1
71,4201,444.665328,444.665642,1
71,4201,444.665644,444.665968,1
71,4201,444.665969,444.666214,1
71,4201,444.666215,444.666537,1
71,4201,444.666552,444.666825,1
71,4201,444.666826,444.667193,1
71,4201,444.667197,444.667515,1
71,4201,444.667516,444.667886,1
