ThreadId,TimerId,StartTime,EndTime,Depth
71,4161,444.659441,444.659824,2
71,4161,444.659839,444.660083,2
71,4161,444.660118,444.660503,2
71,4161,444.660518,444.660803,2
71,4161,444.660825,444.661112,2
71,4161,444.66115,444.661408,2
71,4161,444.661423,444.661732,2
71,4161,444.661754,444.661955,2
71,4161,444.66197,444.662381,2
71,4161,444.662411,444.662624,2
71,4161,444.662645,444.662939,2
71,4161,444.662965,444.663245,2
71,4161,444.663275,444.663532,2
71,4161,444.663553,444.663842,2
71,4161,444.663865,444.664184,2
71,4161,444.664199,444.66438,2
71,4161,444.664393,444.664602,2
71,4161,444.664632,444.664994,2
71,4161,444.665024,444.665326,2
71,4161,444.665348,444.665642,2
71,4161,444.665657,444.665967,2
71,4161,444.665982,444.666214,2
71,4161,444.666235,444.666537,2
71,4161,444.666583,444.666825,2
71,4161,444.666847,444.667193,2
71,4161,444.667217,444.667515,2
71,4161,444.667545,444.667886,2
