ThreadId,TimerId,StartTime,EndTime,Depth
71,4202,444.659423,444.65944,2
71,4202,444.65983,444.659839,2
71,4202,444.66009,444.660118,2
71,4202,444.660508,444.660518,2
71,4202,444.660811,444.660825,2
71,4202,444.66112,444.66115,2
71,4202,444.661413,444.661423,2
71,4202,444.66174,444.661754,2
71,4202,444.66196,444.66197,2
71,4202,444.662387,444.662411,2
71,4202,444.66263,444.662645,2
71,4202,444.66295,444.662965,2
71,4202,444.66325,444.663275,2
71,4202,444.663539,444.663553,2
71,4202,444.66385,444.663865,2
71,4202,444.664189,444.664199,2
71,4202,444.664383,444.664393,2
71,4202,444.66461,444.664632,2
71,4202,444.664999,444.665023,2
71,4202,444.665334,444.665348,2
71,4202,444.665647,444.665657,2
71,4202,444.665972,444.665982,2
71,4202,444.666221,444.666235,2
71,4202,444.666555,444.666583,2
71,4202,444.666832,444.666847,2
71,4202,444.667202,444.667217,2
71,4202,444.667519,444.667545,2
