ThreadId,TimerId,StartTime,EndTime,Depth
130,4828,5193.25174,5193.25298,1
130,4828,5193.25299,5193.25386,1
130,4828,5193.25386,5193.25466,1
130,4828,5193.25467,5193.25539,1
130,4828,5193.2554,5193.25653,1
130,4828,5193.25653,5193.25754,1
130,4828,5193.25754,5193.25857,1
130,4828,5193.25857,5193.25941,1
130,4828,5193.25941,5193.26022,1
130,4828,5193.26022,5193.26105,1
130,4828,5193.26105,5193.26189,1
130,4828,5193.26189,5193.26291,1
130,4828,5193.26291,5193.26377,1
130,4828,5193.26378,5193.26463,1
130,4828,5193.26463,5193.26546,1
130,4828,5193.26547,5193.26643,1
130,4828,5193.26643,5193.26734,1
130,4828,5193.26734,5193.26824,1
130,4828,5193.26824,5193.26912,1
130,4828,5193.26912,5193.26999,1
130,4828,5193.26999,5193.27082,1
130,4828,5193.27082,5193.27163,1
130,4828,5193.27163,5193.27269,1
130,4828,5193.27269,5193.27397,1
130,4828,5193.27398,5193.27522,1
130,4828,5193.27523,5193.27656,1
130,4828,5193.27656,5193.27785,1
