ThreadId,TimerId,StartTime,EndTime,Depth
71,4177,55.7895793,55.7924931,2
71,4177,55.7926468,55.7970827,2
71,4177,55.7972013,55.7995571,2
71,4177,55.79966,55.8017162,2
71,4177,55.8018159,55.8054686,2
71,4177,55.8055754,55.8080517,2
71,4177,55.8081524,55.8113174,2
71,4177,55.8114181,55.8135451,2
71,4177,55.8136506,55.8161463,2
71,4177,55.8162462,55.8182037,2
71,4177,55.818315,55.8203331,2
71,4177,55.8204349,55.8227207,2
71,4177,55.8228512,55.8249192,2
71,4177,55.8250173,55.8274221,2
71,4177,55.8275142,55.829536,2
71,4177,55.8296244,55.831444,2
71,4177,55.8315289,55.8340951,2
71,4177,55.8342173,55.8364555,2
71,4177,55.8365595,55.8384146,2
71,4177,55.8385193,55.841068,2
71,4177,55.8411798,55.8430097,2
71,4177,55.8430974,55.845065,2
71,4177,55.8451648,55.8468935,2
71,4177,55.8469945,55.8486363,2
71,4177,55.8487385,55.8507635,2
71,4177,55.8508538,55.8527084,2
71,4177,55.8528095,55.8555616,2
