ThreadId,TimerId,StartTime,EndTime,Depth
71,4189,44.5363488,44.5434972,2
71,4189,44.5439043,44.5510952,2
71,4189,44.5514134,44.5575542,2
71,4189,44.5579173,44.5648503,2
71,4189,44.5652827,44.572007,2
71,4189,44.5724223,44.578123,2
71,4189,44.5784462,44.5840375,2
71,4189,44.5843572,44.5902314,2
71,4189,44.5904859,44.5977569,2
71,4189,44.5981084,44.606742,2
71,4189,44.6070749,44.6156877,2
71,4189,44.6160426,44.6266067,2
71,4189,44.6269498,44.6370239,2
71,4189,44.6373501,44.6471977,2
71,4189,44.6474904,44.6574858,2
71,4189,44.6578111,44.6694738,2
71,4189,44.6698138,44.6799164,2
71,4189,44.6803918,44.6907966,2
71,4189,44.6911001,44.7010653,2
71,4189,44.7014463,44.7117103,2
71,4189,44.7120662,44.7239937,2
71,4189,44.7243303,44.7361437,2
71,4189,44.7374823,44.7469412,2
71,4189,44.7472604,44.7568626,2
71,4189,44.7571156,44.7629597,2
71,4189,44.7632666,44.7735666,2
71,4189,44.7739166,44.7840923,2
